CEP ID,ORCATECH HomeID,PPC location ID,Device Name_Description,Installed,Removed,Platform,Manufacturer,Sensor Type,Physical Device ID,Digital Device ID,Rooms from Homes Checklist,Suggested Standard Room Name,Other Area name (doors for example),Room View (motion/light only),Attached to (door/vibration/power),FunctionUse(s),Door type 1,Door type 2,Medbox,microwave,Primary Category,Secondary Category,Room Subcategory
AH,1614,592551,MP Microwave Smart Cable,7/19/2022,,People Power,Develco,"smartcable, temp",0015 BC00 3700 1F12,0015 BC00 3700 1F12,Kitchen,loc-kitchen_1,,,on-microwave,use-cooking,,,,,Appliance Monitoring,Cooking Appliance,Kitchen Area
AH,1614,592551,Kids Bedroom Extension Cable,12/5/2023,,People Power,Develco,"smartcable, temp",0015 BC00 3700 1FA6,0015 BC00 3700 1FA6,Kids Bedroom,loc-bedroom_2,,,,use-range_extender,,,,,Other,General Sensor,Bedroom Area
AH,1614,592551,Living Room Smart Cable,4/25/2024,,People Power,Develco,"smartcable, temp",0015 BC00 3700 1E6F,0015 BC00 3700 1E6F,Living Room,loc-living_rm_1,,,on-tv,use-living,,,,,Other,General Sensor,Living Room Area
AH,1614,592551,MP Kitchen Motion,7/19/2022,,People Power,Develco,"motion, temp, light",0015 BC00 1A01 13BD,0015 BC00 1A01 13BD,Kitchen,loc-kitchen_1,,,,use-cooking,,,,,Motion Detection,Motion Sensor,Kitchen Area
AH,1614,592551,DKitchen Sink Motion old,2/16/2024,2/20/2023,People Power,Develco,"motion, temp, light",0015 BC00 1A02 0BD0,0015 BC00 1A02 0BD0,Kitchen,loc-kitchen_1,,,,use-sink,,,,,Motion Detection,Motion Sensor,Kitchen Area
AH,1614,592551,DKitchen Sink Motion,2/20/2024,,People Power,Develco,"motion, temp, light",0015 BC00 1A01 15F7,0015 BC00 1A01 15F7,Kitchen,loc-kitchen_1,,,,use-sink,,,,,Motion Detection,Motion Sensor,Kitchen Area
AH,1614,592551,DKitchen Stove Motion,2/16/2024,,People Power,Develco,"motion, temp, light",0015 BC00 1A02 1080,0015 BC00 1A02 1080,Kitchen,loc-kitchen_1,,,,use-cooking,,,,,Motion Detection,Motion Sensor,Kitchen Area
AH,1614,592551,MP Dining Room Motion,7/19/2022,,People Power,Develco,"motion, temp, light",0015 BC00 1A02 0650,0015 BC00 1A02 0650,Dining Room,loc-dining_rm_1,,"sees-living_rm_1, sees-back_door",,"use-dining, use-working",,,,,Motion Detection,Motion Sensor,Other Area
AH,1614,592551,DEnd Hallyway Motion,8/31/2022,,People Power,Develco,"motion, temp, light",0015 BC00 1A02 06C0,0015 BC00 1A02 06C0,Hallway Bathroom,loc-hallway_1,,,,use-bedroom_exit,,,,,Motion Detection,Motion Sensor,Other Area
AH,1614,592551,DKids Bedroom Motion,8/31/2022,2/16/2024,People Power,Develco,"motion, temp, light",0015 BC00 1A02 0DF5,0015 BC00 1A02 0DF5,Kids Bedroom,loc-bedroom_2,,,,use-sleeping,,,,,Motion Detection,Motion Sensor,Bedroom Area
AH,1614,592551,DKids Bedroom Motion2,2/16/2024,,People Power,Develco,"motion, temp, light",0015 BC00 1A02 0D9A,0015 BC00 1A02 0D9A,Kids Bedroom,loc-bedroom_2,,,,use-sleeping,,,,,Motion Detection,Motion Sensor,Bedroom Area
AH,1614,592551,DMaster Bedroom Motion,8/31/2022,,People Power,Develco,"motion, temp, light",0015 BC00 1A02 0BBD,0015 BC00 1A02 0BBD,Master Bedroom,loc-bedroom_1,,,,use-sleeping,,,,,Motion Detection,Motion Sensor,Bedroom Area
AH,1614,592551,DMaster Bathroom Motion,8/31/2022,,People Power,Develco,"motion, temp, light",0015 BC00 1A02 107A,0015 BC00 1A02 107A,Master Bathroom,loc-bathroom_1,,,,"use-toileting, use-bathing",,,,,Motion Detection,Motion Sensor,Other Area
AH,1614,592551,Office Room Motion,8/31/2022,,People Power,Develco,"motion, temp, light",0015 BC00 1A02 0676,0015 BC00 1A02 0676,Guest Bedroom,loc-office_1,,,,use-working,,,,,Motion Detection,Motion Sensor,Bedroom Area
AH,1614,592551,DLiving Room Motion,7/19/2022,,People Power,Develco,"motion, temp, light",0015 BC00 1A02 111B,0015 BC00 1A02 111B,Living Room,loc-living_rm_1,,sees-dining_rm_1,,use-living,,,,,Motion Detection,Motion Sensor,Living Room Area
AH,1614,592551,Front Hallway Motion Sensor,12/5/2023,,People Power,Develco,"motion, temp, light",0015 BC00 1A01 15D3,0015 BC00 1A01 15D3,Front Hallway,loc-entry_hall_1,,sees-front_door,,use-entry,,,,,Motion Detection,Motion Sensor,Other Area
AH,1614,592551,Hall Bathroom Motion Sensor,12/5/2023,,People Power,Develco,"motion, temp, light",0015 BC00 1A02 0894,0015 BC00 1A02 0894,Hallway Bathroom,loc-bathroom_2,,,,"use-toileting, use-bathing",,,,,Motion Detection,Motion Sensor,Other Area
AH,1614,592551,DStove Temp/Humidity,7/28/2022,,People Power,Develco,"humidity, temp",0015 BC00 3500 0EC9,0015 BC00 3500 0EC9,Kitchen,loc-kitchen_1,,,,use-cooking_stove,,,,,Appliance Monitoring,Cooking Appliance,Kitchen Area
AH,1614,592551,DMaster Bathroom Temp/Humidity,8/31/2022,,People Power,Develco,"humidity, temp",0015 BC00 3500 0E51,0015 BC00 3500 0E51,Master Bathroom,loc-bathroom_1,,,,use-bathing,,,,,Other,General Sensor,Other Area
AH,1614,592551,DMaster Bedroom Temp/Humidity,8/31/2022,,People Power,Develco,"humidity, temp",0015 BC00 3500 0B13,0015 BC00 3500 0B13,Master Bedroom,loc-bedroom_1,,,,use-sleeping,,,,,Other,General Sensor,Bedroom Area
AH,1614,592551,MP Living Room Temp/Humidity,7/19/2022,,People Power,Develco,"humidity, temp",0015 BC00 3500 0CBD,0015 BC00 3500 0CBD,Living Room,loc-living_rm_1,,,,use-living,,,,,Other,General Sensor,Living Room Area
AH,1614,592551,MP Fridge entry,7/19/2022,,People Power,Develco,"entry, temp",0015 BC00 1E00 CA5F,0015 BC00 1E00 CA5F,Kitchen,loc-kitchen_1,loc-refrigerator,,on-fridge,"use-food_access, use-safety_remind",doortype-french,,,,Security and Safety,General Sensor,Kitchen Area
AH,1614,592551,MP Freezer entry,7/19/2022,,People Power,Develco,"entry, temp",0015 BC00 1E00 CB87,0015 BC00 1E00 CB87,Kitchen,loc-kitchen_1,loc-refrigerator,,on-freezer,"use-food_access, use-safety_remind",doortype-drawer,,,,Security and Safety,General Sensor,Kitchen Area
AH,1614,592551,MP Microwave entry,7/19/2022,2/26/2024,People Power,Develco,"entry, temp",0015 BC00 1E00 CB8E,0015 BC00 1E00 CB8E,Kitchen,loc-kitchen_1,,,on-microwave,use-food_access,doortype-swing,,,,Other,General Sensor,Kitchen Area
AH,1614,592551,DMainDoor Entry,7/28/2022,,People Power,Develco,"entry, temp",0015 BC00 1E01 1DEE,0015 BC00 1E01 1DEE,Hallway,loc-hallway_1,loc-front_door,,,use-entry,doortype-swing,,,,Other,General Sensor,Other Area
AH,1614,592551,MP Microwave Entry2,2/26/2024,,People Power,Develco,"entry, temp",0015 BC00 1E01 211C,0015 BC00 1E01 211C,Kitchen,loc-kitchen_1,,,on-microwave,use-food_access,doortype-swing,,,,Other,General Sensor,Kitchen Area
AH,1614,592551,DBalconyDoor Entry,7/28/2022,,People Power,Develco,"entry, temp",0015 BC00 1E01 1FA8,0015 BC00 1E01 1FA8,Living Room,loc-living_rm_1,loc-balcony_door,,,use-entry,doortype-swing,,,,Other,General Sensor,Living Room Area
AH,1614,592551,DSilverwareDrawer Entry,7/28/2022,,People Power,Develco,"entry, temp",0015 BC00 1E01 1FA2,0015 BC00 1E01 1FA2,Kitchen,loc-kitchen_1,,,,use-silverware,doortype-drawer,,,,Other,General Sensor,Kitchen Area
AH,1614,592551,DCabinetDoor Entry,7/28/2022,,People Power,Develco,"entry, temp",0015 BC00 1E01 1FEC,0015 BC00 1E01 1FEC,Kitchen,loc-kitchen_1,,,,use-dishes,doortype-swing,,,,Other,General Sensor,Kitchen Area
AH,1614,592551,DHall Bathroom Toilet Vibration,8/31/2022,,People Power,Develco,"vibration, temp",0015 BC00 4400 2894,0015 BC00 4400 2894,Hallway Bathroom,loc-bathroom_2,,,on-toilet_float,use-toileting,,,,,Security and Safety,Vibration Sensor,Other Area
AH,1614,592551,DMaster Bathroom Toilet Vibration,8/31/2022,,People Power,Develco,"vibration, temp",0015 BC00 4400 28F6,0015 BC00 4400 28F6,Master Bathroom,loc-bathroom_1,,,on-toilet_float,use-toileting,,,,,Security and Safety,Vibration Sensor,Other Area
AH,1614,592551,Hall Bathroom Toilet Vibration Sensor,8/31/2021,8/31/2022,People Power,Develco,"vibration, temp",0015 BC00 4400 18BD,0015 BC00 4400 18BD,Hallway Bathroom,loc-bathroom_2,,,on-toilet_float,use-toileting,,,,,Security and Safety,Vibration Sensor,Other Area
AH,1614,592551,Master Bedroom 2 Vayyar,1/26/2024,,People Power,Vayyar,vayyar uwb,id_MzQ6QUI6OTU6NkY6RDE6NEM,id_MzQ6QUI6OTU6NkY6RTA6QTA,Master Bedroom,loc-bedroom_1,,,on-wall,"use-sleeping, use-location",,,,,Other,General Sensor,Bedroom Area
AH,1614,592551,NYCE Motion,11/16/2018,,ORCATECH,NYCE,motion,nyce-w-4027,nyce-w-4027,Kitchen,loc-kitchen_1,,,,use-cooking,,,,,Motion Detection,Motion Sensor,Kitchen Area
AH,1614,592551,NYCE Motion,11/16/2018,,ORCATECH,NYCE,motion,nyce-w-4119,nyce-w-4119,Living Room,loc-living_rm_1,,,,use-living,,,,,Motion Detection,Motion Sensor,Living Room Area
AH,1614,592551,NYCE Motion,11/16/2018,,ORCATECH,NYCE,motion,nyce-w-4127,nyce-w-4127,Dining Room,loc-dining_rm_1,,sees-living_rm_1,,"use-living, use-dining",,,,,Motion Detection,Motion Sensor,Other Area
AH,1614,592551,NYCE Motion,11/16/2018,,ORCATECH,NYCE,motion,nyce-w-4172,nyce-w-4172,Office,loc-office_1,,,,use-working,,,,,Motion Detection,Motion Sensor,Other Area
AH,1614,592551,NYCE Motion,11/16/2018,,ORCATECH,NYCE,motion,nyce-w-4180,nyce-w-4180,Kids Bedroom,loc-bedroom_2,,,,use-sleeping,,,,,Motion Detection,Motion Sensor,Bedroom Area
AH,1614,592551,NYCE Motion,11/16/2018,,ORCATECH,NYCE,motion,nyce-w-4188,nyce-w-4188,Master Bedroom,loc-bedroom_1,,,,use-sleeping,,,,,Motion Detection,Motion Sensor,Bedroom Area
AH,1614,592551,NYCE Motion,11/16/2018,,ORCATECH,NYCE,motion,nyce-w-4245,nyce-w-4245,Master Bathroom,loc-bathroom_1,,,,"use-toileting, use-bathing",,,,,Motion Detection,Motion Sensor,Other Area
AH,1614,592551,NYCE Motion,11/16/2018,,ORCATECH,NYCE,motion,nyce-w-4291,nyce-w-4291,Hallway Bathroom,loc-bathroom_2,,,,"use-toileting, use-bathing",,,,,Motion Detection,Motion Sensor,Other Area
AH,1614,592551,NYCE Motion Sensor line,11/7/2018,,ORCATECH,NYCE,line,nyce-sl-1106,nyce-sl-1106,Hallway,loc-hallway_1,loc-sensor_line_1,,,use-gait_1,,,,,Other,General Sensor,Other Area
AH,1614,592551,NYCE Motion Sensor line,11/7/2018,,ORCATECH,NYCE,line,nyce-sl-1137,nyce-sl-1137,Hallway,loc-hallway_1,loc-sensor_line_1,,,use-gait_2,,,,,Other,General Sensor,Other Area
AH,1614,592551,NYCE Motion Sensor line,11/7/2018,,ORCATECH,NYCE,line,nyce-sl-1139,nyce-sl-1139,Hallway,loc-hallway_1,loc-sensor_line_1,,,use-gait_3,,,,,Other,General Sensor,Other Area
AH,1614,592551,NYCE Motion Sensor line,11/7/2018,,ORCATECH,NYCE,line,nyce-sl-1149,nyce-sl-1149,Hallway,loc-hallway_1,loc-sensor_line_1,,,use-gait_4,,,,,Other,General Sensor,Other Area
AH,1614,592551,NYCE Contact Sensor,11/7/2018,,ORCATECH,NYCE,entry,nyce-c-0674,nyce-c-0674,Hallway,loc-hallway_1,loc-front_door,,,use-entry,doortype-swing,,,,Other,General Sensor,Other Area
AH,1614,592551,emfit,11/16/2018,,ORCATECH,EMFIT,bed sensor,emfit-105,emfit-105,Master Bedroom,loc-bedroom_1,loc-in_out_bed,,,use-sleeping,,,,,Other,General Sensor,Bedroom Area
AH,1614,592551,iSort,11/16/2018,,ORCATECH,iSort,medbox,iSort-9219,iSort-9219,Kitchen,loc-kitchen_1,,,,use-medication,,,"med-member, med-day",,Other,General Sensor,Kitchen Area
